Wallet_Name,Address
1,addr1qxsqgx42gn7ncn2w3dugq9vrg6e58aayfny35yjsqhu9ttsuk0j4vljjx00e4mxrm7rw95yng3xeg5rzpg5elm0g66fszc5a66
1,addr1qyhaucee4f3j64ar72ckmrudsx6yhhsc86kpdkpv23ptsuc4j8s42autt6hkww09fgqqkp7pta8dmv2aee4sxklrptusdpx0u5
1,addr1qyrslglcfrp2rrm7x962vrzcgzyvu25kr0g0nnng4pumzjq82ctjf59z9g6gn0zjzr9al2ady0qphkaylnudcg289ehqx2ar4c
1,addr1q9vxk3c0vxgvs769cmx4c0x0438uz9yc0fp3rsfwp6f4q7fa9l38tx4lv768nw3neufjq3240yer0u77fvaylwe5u6eq6ehv4l
1,addr1qy6ezshna4dherlsgxfkjzjyrnnqtn5888ml0cg3awknxg8hd90lw084gm7sh3axznlxlwsksns63jr73rvkuszp905q5ad9u9
1,addr1q82unatay9h2mpwfapmccav860u52wwta70xxz4gjkfu0r6rkjwpktsg4mgynfxcxf7690dl0hvn8kumr9q295y4nzkqwwfuup
1,addr1qyy4rxmujjrvuxcm59ckuy5a69fugtrmkcmg88ykcrd4h2szt5k4xudam5wyv0fwzk3lh8s88vktjkr2crwqcp8yt23qpj7f4f
1,addr1qx3gt3a09qxg4lueh7yutz9jywng82vwjxhe0n7y0sa4sv8teeqkztvp4g5eq266kfndnfaafq80t3wvvaafcqgtazpslqh0q2
1,addr1q9tscdzevtyf83y6cndt9fddcf777l9vl969k5ud9ur99ex80td29e8q6tdqalz4v0qa29ddqfn5ll7u7k5lp0r3a27qcfwq0e
1,addr1qx4q63fk7884p4tu42gceapc0hac54x9pu9pccdfgrgg27wkwvzs425tuq9k4rq6lkv2exadce4te4qjxzzrdqk3x3mqnv8pjl
1,addr1q80n57u697n8lwkuy3ehhqzudk6pr65dcvj2hacn3h06ahz4f93920qmtw4zam2yzshzg9mdarqec3h7klpyrg50n5vsyqvkae
1,addr1q8nre6qp0292uqz5wk6ajma656dku0ykd7vzqnn8xttqy2nhleu8ps6y2j8n2fha73ku7h5s9kah4l3dlzrsw0yxvqmscz9s4v
1,addr1qxep2kkqj2lz4g9983m43s959xm9dl3xnld57ekleqm4mnj9yxxv3s92phg0zfqxwvvx9529s00a7n0fz2ndqw08l5qsygekwe
1,addr1q9rrnp8ulev8r65rjwpyjvts4gf9t8pllxlxjadd76wy34d7wra9ez08wgs8wsqu6knduzanfkw0xzfekvfjrmmrwrws4elpy8
1,addr1qyy9jyz4tm50v6fdfe3vsr4v2ggngvfekqtj2evghh80886wnfry5aeh8hj8tg78wx7aqzgm77u093z65wky7zq6kwjqpwcmat
1,addr1qx9cvy2heg6dq3vezw89zg93twyljjjk9tkfen2ke2ktxgqxtdj8du87ewv8qesyjcfppcpaxg74h8y976wy92wtm52s064e8t
1,addr1qy78p88pwjpw0cnevu9lg80dys4hk2ugceqcyfztrpl572upkcuem0zt0m68ejx8pmzy6v6uqxze5cylmauqc5m8s2lqjgds32
1,addr1q89gq9df3dmw7gwrp9x357w87dppmaefu6vhc5m58u22sh6em0puga39x0j6040l3hht6hyzfcd7dzq6mx3cphaualvqyq9zkn
1,addr1q89d0zdda8yhfw2ky6ua0jkh7zzfwtygkpyth97ftmqr0at805yjysy7cumjpe5srvzkr2xj88fnsmq7tkpa8vqs4fgswk92ls
1,addr1q88jlvxauae2h6peldsqr78g7ay2ykzuu6fnez35gz2mun3gkl3x6exphtgewmfq6eqajyp70cwkz7j5kvg9ecax5a7qmvwfam
1,addr1qy2z5adp8vxdy2n4xgyj7dr03g7l3vv8zdpdc8nraa8s7x2tnj26jsdl5mtv7jadrklj8ftcga33kugfp0apq9fjy6fs4e68ny
1,addr1qy33dmg5z27mytfejg2r8mfugc4zsjuqhspcy5r7hanzalurnjfkdapqv3zfhdln5khwmjuvms8wt4dg4q3802mdahaqjf5wf4
1,addr1qymg695ygj50g720zk7ggv902evgpawqn7ruz0n85dgtc709as9f8dny77s664cnm0lyhgyxa0zxtlne48eh8ctl70usw9am72
1,addr1qxvz38a36jqv44ypqu8xlvz9sr82wx5xjz3rzhfru2s5737wjt7g3v9ryrh7mj89785d2g438jzk82wm7yn6fnr24qlse4fc3f
1,addr1q9evgpf7ampkpuyc69tehq8tjzpr5llsennl8nuuhxdq5c0a9qj20revwmmgglsukpn07n9pgkzew57hq0tka9k7xyjqawztz9
1,addr1q8wuqvfdtgfztnkp2sqhlvgfpej0l02v029clu6fcr5zwthknyn0gejmh4vem4tljn0ea0kknqaz34lgmgkmywjzs3sq3retkj
1,addr1q8l6w0trjwf353748hajs8h42vhcpzvr3pc77dj5k40fjzl4f5uszsej8kdt0wtxtv7w635w3d0lj0r2hwvkhy755hkquvapus
1,addr1qxx80mywl72fk0c4h43g0tuxesh596dnrcdr2v8xfcpsfucrlv0yw9zefmjc0q9zapw60kp3qu3yv5l64ppdxcf5k57sccaxgc
1,addr1q8esd8d3a33txgc6eupkcwyqw4czwd8ma4l49ryzl5yrhcf5ett6pcw0vy2cfsc4d3neu8pzttaxtguqev9nt55tdgcqcw59jf
1,addr1qyndfmarpdj0wu5v95cmh07t7fdqpnl472tlgyv0kk8awhlwmps7tlufwddqkumv5wccwx3hl0zjxtcmekzqe25jts7q2sj0ap
1,addr1qxwdelw68elfl2ynf8cxvrj4llvxyhp783qjfja3nce25p584lf5qzuvy7dpukkdrxhe7n8klmz6hccx2u0r8vcnmq4q8pye2l
1,addr1q8acledh9e74f2fpt2840hsuxx5hrh49whn55k3s5lz4yuuda0pmx5ryfa5ljm5ufscq3kflatve0kqdwhu4rn6x7h5q8rqmzh
1,addr1qyvlkfw4z4rfrhrn08yrvlz5kqrdzd4lg7qgzacqxxm0ud4kxk5p9fxng3fk0g09j0jv7ka4tfzyxr7qcg208nrfasas5gqqkt
1,addr1qxnr5utl35zrp5dej47l7phn0ucsxx5kup3eu3d7l0d0vmnsu80z3yxwqk6809nygdcf6k0mpwmg9f4ztse9u34v66xsgfncew
1,addr1qxzeeulttcdur7e28vdvedwv63j25ac6y0kks5nksszgvu7yn3hax8l00fyflret0ncg7h69uu4ey23aw4x9z3fk5ghqz75djr
1,addr1qx0e4f2ggcfghl3mjy9k2a0epqreu6q5juj06l4sx3cyyv65pkn9f67g9enza8c8g4nr6qz3jj3kh76ye0d7875tqxzq5wrrlh
1,addr1q9lv6une7wvd65g792naf8w4hh5tg4hg3x7y2e833kkn6vce8zx08e88au24ctmz4y9xvgavjy27y2q7azw0cnnkqdcs2uckgf
1,addr1qxyh6vacr9tqn8z8vpeks6wx5vvvm959hym9wdpumx59ru42c0zfulnyhah83qaj7ayxrq4w4emzrnhpc2xxnjzcf4ksnscl04
1,addr1qyd4p2jyx5g2k89le8ntz9jx6h7sxke0a30ke2efenumdh78a7k0vjlkn47c57gud3lecxxu62n5efpq2aqffjp4mfcspnutxe
1,addr1qyjwuk9vpnkxmtgqygnh9h06vms7rha3l0tnq78dedep446uqgq9dgc59dqlwffk76d3554s5grgj97l84vrf9gylj8s4q0grs
1,addr1qx5sfffvh5xzx4ffenplr0f4v2ufhly5gsecjy7nz33xeqy0xgywlhh86vajh5ucgpn7nzfu2v0pw9wk4hj833sf7jjqgvx65f
1,addr1q8k4ewu9yq5z84a7uzvyf6zh9fsfamyhtmg8y6wvmtg9uheqhs0jgn0t4p4yc22dwy8gywlswz9g084pwhag3x6pzl7sl9sp4u
1,addr1q8gjexqv3dggr3tmvq2lckdchc6vrpp6l9h9kdrfu4a93l0g30m9z9nkwrjvaaquz4tvypx3wjcf3jejnz7waydtwptspwu94c
1,addr1qy538dm6yscd379tzn4m073j47a4n2rfsaxqgp558wgqckgpccakpz78n5hlfsv899js9dp9gapu5de6k3c79yehjhhstawm8n
1,addr1q8a65q57vcx8y6z5ys5mdr5dt4flgcy6p6altx93q29eyjr3yag5gqfzahzwd56psfftrz2nas68ur4e7lv8k2y9udrqa44fqj
1,addr1qyyts86sz3jwl289vhm00tpwzrmud2wt0gewg23qlefawq4drmacpdlp38939qlgef6pglg5tzsn3m95qly4j9vvff8sy9axwf
1,addr1q93hkta0hx8dpfy63lj36e5wvv7dug7t87u7gtpyaza9wldsmzuqsre8m5jsftzre7uvuvjkxzsm9zmqyh4xftpnj82q96png7
1,addr1qyuejlw4vcj7p2enf5ee9jaxhuy7dhx9a230elmpuh53j6sjtuhqs73gqfc2sc5h96p4echfg98p7htqvkeskgvdu5qsp6ey5p
1,addr1qyse3phdua7saf4x7ssvf2zcdhcjvqpe2hxv8rmkdqsczl53ann3e8kprurs7l9hd2ckl3lwyjlng6smtc8n9auevxrsucxdzx
1,addr1qx80enada7hxmr3z3x7qzksvnx9979ce4xc9s9f4ewmqf32zxd57rg6f2zkk58v23ec2leuuzltdk6acjx3wdmkcj06snmyxz9
1,addr1qygqr32rc27mfn2esg3l6hwt3padkpacy5e4fad8acs7j0z6n6zkhm77syuhsn4kd9alftvdg58c9sykc687c6w7g22q9eg6dk
1,addr1qylsas3ld5h75rdmldk0jvqt24gsu02rdcpwh7swsuw7nve873j0jpl6rdkf090m0v9k4qtc628qwes0rv549w2vcs7qhgtend
1,addr1q99wnwm9vj8077wm6nuj6hawngch5rs03w7t0yc6007q585q6uslw53s3jez3kl8qpe3gf3tjq2n3c56pw5erpawzcfqcg25ef
1,addr1q9ctjv5auxqknmzx5lpyp4d4y77ew06y6an039vj2c23054dfpcmtj9hedkcxmxvmka23gyupnms38er6alxlclpdh6qw4ny7c
1,addr1qx5uah8dm5m43wn4kfwg06vx53s652lss6fqjasjz6cf0sx6cm7d0meswkkp8zka2wxk5pyer4pg6aly6pjweqaw2kqsm58lgl
1,addr1qy7p4pgmf849mhskndqfvl8k548qewld75deya484a8hvux7x3w7l7g3q2wy3aaw0cr3mplj3w8e320fw3kl0u3papks2cpyk5
1,addr1q8qdnxv55j6eujcekfcxn2v0nxx8f5heuyu4wurxez7x2f5ej6cyt6d05p6r02ev0ndhd56fdaynnrqmqxhd8wk4yqcqkkkrtc
1,addr1q9z8lae20qnax0gthzf56wcn0asmq0ncs2a3smplhvsekwy8mt949ktdt75rafastw2l5n5uv6h76r5952r65gvr2hvsqvm0nr
1,addr1q8n5zlz3vdr52sx4knlg3hqva8prrnnpwyxz2tcv23c65fswnqcylx9zl6cyaekwhhzaz948r5svq7jffxlpmjxhnz9svdck6j
1,addr1q9726qhgy6fan8y986shvnvsgaw8jkuvlexj2eek396k62mju2kqmry83nqcukhzm05hapf8wr64vxmec89lsdmsw9lqhgasxm
1,addr1qygpvkp48qr02qhfc02zqr58wfvr6y3agz4hm7gaevxfencu7cce5n4zeqh9yu6xs5ck0gws2nlazhyzs7d7rdaq8q7qqwl2f3
1,addr1q9jyn5jkrps8jnldf2kkwq3f8ne5pnk25nq8s08cyckj926fzexhgfgt3atadnrw0we9c30guwa5f4385f5xkun2th0s42k2ua
1,addr1q95lqfnpepp5ndvnkm6seqv735t5v769w64xwu6tgw3n30ykyvf0etqy9dw2vtjtxvg9u7v87w7tya9rwv74c866kawsqmjwzv
1,addr1qxmler27ujje4ktaqpzkfc3hpnjwnp9xpkz5u6lva4qnvvc3xv9qm52g87tyawgfja9w9e8vd494m4d4zfgnf9vtmrqqmceaez
1,addr1q8u7rsa0f2e29upjfvdwvts7k4l4ef94e4r3e3ag3rr7a8gnrhe7xr95927xzc4p5mfdvkamjmymhxcjfdllfdd4ejgqq8rtyx
1,addr1qyzhcl0e6p96m8d65zf7qs47utuxhe5t9la9kp3p8599drhwqzkdpqvp90luxmasesj30fv3xsk527m394523nljplusu52gar
1,addr1q8pr5djzfq3qdkfn4gmlrt3npjxtfzhqsgj2gv3fm47lp5xskr7ztd64p00v9zzkyvhce3fse2p8laqy0rte39w2c4eqdrk2v4
1,addr1q9zq7nmyqqcvv0n4haw9zkhtfwv3q7ckdwn7r8ev776a00asd5rjw7hpczsn629we5er2wgfrqqvfr30mwn87c2lcvlq969aln
1,addr1q8he8cl6xfrnv9avdyh3nddmq3jqxyq4ppnlh8kddl2ryg9w54kjpx69aq5aq9tx46x58ethd5tv39cguk7z5qtcgrjsl9kl2u
1,addr1qyn7gtkdnxw9qkxrsyjqfpvzt5qarl0ssk5arfg8hvymmms92vp03up5atmge2tv73knpfx654qq3qucafsynr3prtwqt8jmj2
1,addr1qxxgstry7h5t94fs9vksyfpymwy5w8xpt5qeeu576enmqu8g9shmayxyvgr2t0djm2jgmr2k0zpd6sanx5cdph8pap4s60nzyz
1,addr1q83m98lve2gh8kgrc60lunryxr0kpvvxu48tk7ved48g8vm0thaahks793h33erkmv8newkuf54rw6t396c8kfv6pd7sprnk35
1,addr1qxnfukavq8ad5g0vsnqmu65ajpnm7adng2ualv7znqzxley44x34xt583hvj0503fn6csk7rsm2gvce5wvsu5ldwmtvsrggclz
1,addr1q9k8cddapgshm68046dlctwxr3ycddfmkjgwx3shkl5h89tj8kdu8230d0629khwt5hjnk0jy46vt6fcdsxz878uzn6qdvqpmt
1,addr1qxjqx4jmmc7886pavwnjkapce6kmya6xxn998qratf9660l78tvgw72uw8my08sqtfzx83shef028lwjvkj9dx5c0w4scqfqxc
1,addr1qyut064kze2sur4ggfupzsnx3e0mz32qd96ctsuz04fzj2un3zejzfsj5fgrq7y9s2fsey9fdxy4phk9sxprdksgrnps97lxys
1,addr1qyytv8ukqsjd9ru3qsc2xev07jl3xkya6n752erruydyk8k78gvgy7zh4jv0x7an89fzg8d4mvvx9pcja7jh4jyfv44sgesakr
1,addr1q9fthxa0nx2yf2n75yrtcrqccqzmlm5z82sfc9ync9mz3gs30vzua7r46tqmmp0yc5tggj0s3rlzz94sxzqxe0f98ecs9wtvna
1,addr1q9vtrzdscacnqkxg6c55z874uswgzn69n77s6juat6j7qzy3h827gjwfpe5vkws2cahpn9h3mflham7u68shhvcehp4qqs8wv4
1,addr1qx7lsqtezg447pvjs8znlthl5nkkv2yh63u2pqc8nvgghv8rdtlrwmjnm44cruh0k3mmtmgn9men7rkpk6jglcs0kagq2za4rc
1,addr1qxq6k5etfzfu6vcfv78vgrjzdva6s4735pyezpzncjmh7yuvu2n7gq2qvhg8tuprmqve38lfkneak3qh3u8c8qrhek9s96gkd7
1,addr1qy4l53ypp3el5mwrtqrm4qswrvks9ym05k4kwfgva48xn6t69yc8qxy93mjds6gj6sftzxadqw56vqh3hjxeuhpv5zrq0paq94
1,addr1q8v6pg2eknxy2nvywzfdfh2dk9ry4kfu8ha2e7ksrqfgevz5l5patehdmn3fykerx0tes3sjdnefl6p66562lnnm8q4s77gtuz
1,addr1q8zf668xgsh9wfamm8372c9daecc6cfhpfcr99s469tds933nr9qcwmdfmcxaxvfuu60xqejycghzx272lfhq0ncdrgsvw2n8h
1,addr1q9qt0kyph4hn50x3ulh2t6wq4d59y0squ7jsjxkst8h8fy298xw0clyjepygtakad7wak2edgrawd9ylc2rnca3ddgdsmz3q3v
1,addr1q9ga4f2f7kv2jm2d3mw34m864p0tam7pltx9p064k9shxtytu3e5k0ykfuey3e3h5sndtz9ay26kzptd7gl3fyr2z8vqerqj8n
1,addr1q8aqlgvnfshn5tamqszefp7nvw7stvys3jcxekce76y7mmk9d646kupqpevvkgguzpyuraazxdss9xv09jzd0zxwacnsx4ccxa
1,addr1qxgxll79gda839qfnn2sn7t83nencep9wvs3p7sz648mplfhrdeyus4zxd4kfje8xc5dnknzuzly6at9vq0vn308n9asy8zc0a
1,addr1q82mcmtzv2w0kdhwfwaf773yk9kcmm7y3tq6m0q072xch5gsrz9qryjxd6epa947q822kgua728tgmdssczrcs4afmms2jausm
1,addr1q829kw4hwudr8ht68yw4uf2jr04v8fltcyf9akz95kwx5grggxm5z6cadryzuhy9r3wwysnt69msyu5563t3tz4ygkmsjpwyvx
1,addr1q9erhner98uapu9zj568szmkcx9s0r8lxmvgrefdtuj22lcw75089j4a7p8gd0a9vkv00ktwf2d5anksexw22z7aarqq4pgru9
1,addr1q8mwluuyvda0qu3qllkcwqzqfdl5vsrwdgzmhct2wrtjjxygufc8vt06xv6spe8w36nlpfnlrvy4t24gg9kaxxl3hjts6vz96p
1,addr1q85th9pyufzpqufcj0ehz4rnt7xg3mxmzqwhg65p7u7vdjqn98462hr596rqgt2l35jlukwlv6dcwcungpu68qe3dygqupazfe
1,addr1qywxrvftqll4sdffh39ukqjhzwmn5yruv4a2m39tum6j2g9l7ycy4jxcw3rwtxapfuyj5yqz54c0ez5qv8f7q5e6ugmsqvkyqp
1,addr1qx6wmn6mhvp3hcmzj8rwtsydj473vfsea7rdq3424jk9ne4qa03stx2ps0qenvnskk2qc7rh0wmdh005fqce5dk2u5psgwg4a6
1,addr1q8a6qxlssjwqwugpjaj3hfsvyzp8wkvdc6zqkxsjuzgcmarwtlnrqz3e3j2vd96nyv3pr99vmz8fgfhvdmj32runtnesgw00em
1,addr1qxc5rcnd0llkmljd7z7z0ak7v6g845w2lnjqaywxjp39qyevc6n4k0t0fm7cmtra605zgz0n368ngkgawv7duzp5tzvqnswc6p
1,addr1q8fd7cecnuw99fwm6makmecnvmnwdvw2vvcccxpk7c3004m33kh3uw8g0hsjm9v6hdjgtgzentr36hw9y54vrmzjkdpqxe0frk
1,addr1qx84fghsxuup8hht2r5kqz2hr0u3908dmpwyuntqa63wawlezj9ddt68afjz6v2lsy8pj2xkf63stnleck8aeyxxh5tqjmttwv
1,addr1qysjjhwgy5qzk9x3zfc7vfpvp8w9vppr3fxvykfzpx4y0al2e5c287t79h8gra2t2zhsaaum92e5gpagt5zps32tmj9srtgclc
1,addr1qxtzcurpw8wjfvc9zr737gcp0m2psv7s7at2ksu97sadcc2xq9puaycafav3fhw9zx57kn6rrm89wv35ylmf0uuxu44sq9zsd6
1,addr1q8txaw0lztwv9pwv58sejmsqv0flzv37nvu6k0lz0dmsgex7aadpa9nqzg3gmar2eutnv3r0nya7753vcmptyemzlrhsngxdly
1,addr1qyvtw9322w6248k3wzs2x63cmvjgj5642323jg5hwu06y4jkre2hskapa9x9ukpgl6np50er6rs85dzm74flpdkcrtssq8e3vv
1,addr1q937zv7a8jk94wy8nle6dxhp5hrfqadtyvdhhh23jyaqnrd5r3qw38reuam27nctrnyvvvl53ckj6sly25vwh0kw7ucq9wg28j
1,addr1qymmun0zmv0stl40y3xlmq0mtr0havwn65nsl5aj04e3qa3z3t7c40lpg96rkr4wgu0auap9nuk35npshqxdsmg4trqqzmzhpg
1,addr1q97hal9qgl9y3ak37m32gce09fw5v6ek29ellmxtw0wdddsjgmyvucwxywt8jqqrge0x29acunvnh7xc5n463kyxvnqqswfc7u
1,addr1q9cncq4lmwutp3ececav7fjcc5rvn06wl4n6lxfnshnukyeg3ud8akgz048euuta8yjzw4tga762ms6trht5c5v2566syng053
1,addr1qxkfp8fjs32ztd763lenacu9sgqvd8l648rr0tavqudtx3uymps5ndn3znxtdl5uukm7hz2wmfg4td5a9066ekpuljese0ztt4
1,addr1qyjywex6djnqrah2uc0pxaplzgxpdcljrtnprkwefzunhuuvd2wp0r5fkmtw94cm2am2gvctk3vlufvlqlqjp9d058qsgj792y
1,addr1q8yaa6nr3yk46zj5xzq99w5h8yzs3hhw3zlc3560utclkmwpfrhq40qsz3a8xa7z3p448srecedfhpeety793pepugkquehh6u
1,addr1qyvm498waay343fglac7rq6dknmenlehr8hl358r6gmwn8grhydfxfe2paajuhqlhef5j358jkjfzrdx3v949z3563gqh37v22
1,addr1q8dym2hupqecx8q2rhnflltu4g5l7zckkrp729j0k3h3ylmwre04yvdj2can3fhh4uv5xf0864dum0wsctrhjgvm3rkqy3aqqk
1,addr1qyssugq69shu68j3hnztdfnwvj67msksmrx20hyslafhqcue88vfsf5cdhu3g4wksjk25t07h4lwz8vwwv0clmqsck6qwphv0x
1,addr1qyxw6zn8s4kxt2lfn7h5lypgmqns4dy4dulhgvuevjha2u6ruxc0vxyawrxjpzdmgwrq2s2xyrf0sryr03c7c5vcy72ssja73g
1,addr1qy8wz395mtkqlhx5akf5qp6euxd9qs8p48tnue3mz2rgswy4g56uedq9gtu0sw52fnl0jcjph7t78qjn8qpj763ft80qdd79g7
1,addr1q9ay9eve37a2k75v8qkn056dhr5v5w2jattqsn8mltywyevfm4zu6g3vvcdgquyuhf9n9e4k5mv89jd3c79ge7kcatgstx2njh
1,addr1q8ywu7zeeqergy0r9aedszjl3nzturzecepcxq4tj4kcgvy4appr5nqgsggm826cleydqzg4un2lleu6tu05cxswhatq4lcpvr
1,addr1q8hj59zqmd43euuw6y0yz5hugwx6u2j0tnu22r4d0pe907rxm347krjw4t06g83k3qkj57usumj8ht6dnmnu4zp5clhq0trnh3
1,addr1q8d27ulgt09pv4e6wl0e3jeuwgu6gnzyjm9jlppmvl0ca7t3a0c4frzsfuslrljp0zzccn8vst9qd9vsgc22elhxh04ql4x32n
1,addr1q9xx0srtrzj49cfsww47vqsxrr67p3dk2klnayyjq4q8cpmdkleryagapqka26mz038fsqcud0hxwyuec9gwu42n8tpq5qqd0g
1,addr1qxmzn3jye7smntxej9kl74wu0v05hhve58gthutket0a7v5nl2ukr2fsagam4znl0mcprt39ww6wq2g493awduw37k0s2d52pp
1,addr1q8p0rqdx9cdej40y2wfahluy4wpuhftuhlaxs3ar5utnz3lh24ayzst8h2z3sw555z98e3ekf55jjnw4g3axw3uct36qmrddcp
1,addr1q9vc2ud7xatmc5mzmr8jmxadagr6trly6uttjepzjul3yv6egftgwg3fjswna3lx7kmq3mf6l9q668cwz2v2rq6csx0q3dfj39
1,addr1qysvhlswa9w8pa780y6tp0tvuelmpldu5kqk8r7azwntu780hnqdtegrwtkfcaq6dvyy50p0c46z6zcmum6kmn520vfqvz5eru
1,addr1qxzr629fjgph0m42xm7plmsszjkdhqjkjdkeqd6txkg8245km0hk87f6ds9ewmey6nytewmwgzszp0zngxkec4zyydzqynuuy6
1,addr1q9vf8435cdtmdeua4gg2x0tf9g8j7w9mcdz35rnq8x8m5p7wlv5avqydht8edeaez02q0knhu4mryza50q4zw23w94mq56jfn4
1,addr1qy9fm5eu9ql4k7d4nufaawr36kfxt3pg4szcgkgjh2f6gft5af5vtr3eu40ukhup4zw54lt60tsyz86395qxzqjan6hsj585c3
1,addr1q9md4gyvhxfwj07vflu5rv6n2auauq4er74r0sl72l976tjyxt06r36pc02wfjk9jhrftpd7ed5shxaxvjwllwnekkvsk6dayk
1,addr1qyx5q5c4hdm4mdx23dvx4g6mlrz82y8tyjze4ff46gfdnfhcswf4hfm7kzjyacgaaxulpp53qhz0az68gtknkghyx9lsmjzreg
1,addr1qyx5a6c8alp3myms3c582zmuaanaxuw79pzue6hse9j0tuq3y8j23gmfdk0vze3cdxx7x08xs8vnrv9ea9twj2pxq9hq05tlw7
1,addr1q88ek2lhfkead63ffdqhd4q8ys86tq9azemuw0243czmlpsqche9hd4kg28n8qaszh60slv5rlt4j9662z87cu5vf79qjygqtm
1,addr1q8yhxyd74yws0790h58efyppdkjf7sddqc7cv6vn7sqyqf4m9nd4jzjhag79anglde5us7cktdlssqhkvnuwqaensvaqhukhkx
1,addr1q83dks44fp0e29mrjl9w2zmm3rzul8x03e8uvr0wm3lgt7dtxfzcpme4r6y26dka73daq2zeq9th7gjydzg3jqznltssl3t038
1,addr1q8edxj5ljfjlapghljpmyu0zrs3wqz96pgffskeul0rcak5xk7x7ldjcgqwz9najt3jcm7lymsxwe5k95tz24fy8v3csgk4yss
1,addr1q966kwfqpet4376gglvy4nsjzfhx4utd3949wfwu4uds2nt5e3w9w5t85gl36ss6cj57554v9urknr6tcgpupr6pw3aqvmwm0r
1,addr1q9vvq5rzwdm037vesh6l0dwf7pctp7wpx7auuw3llvfqu47dpthhszm2kjluj3pmv8cn3xyj5x22p5kmalxrq4g7lt2qj4ru38
1,addr1qxg7f4jaz44ygrl8zu7s4gxssnxxm4r5q9mlg8rry3ehthxf7zjr7r7zv8jfcxpy99pkkfjc7lq7wueednealm8ls5jqx76ar0
1,addr1q99ydpwnu36h7sp08hv99yx3wd6jpfldzxmhv07jqquzn46telln9tmdshxd7phzt048x6z4fam5ez8yxlqjgrr08kjq9n5yyd
1,addr1q8s9aln7tqkyyxcgdk2fut7gskjmdll6euwjthq29gp5d85lqsdpkaqh0vhp09qfh78wk0jnt3gtphyz4wpkth94l8wq6335h8
1,addr1qxazrxqp2dcpgws8v5zke06ps6vc82np4s83qzawf62l84utz0hqwuzmrl5pzug0m2f3v3g8qe9regnxev4359ndgqassqe7fz
1,addr1q8ttwmqa7ac5pzjj3znucanvjl0mqqs7la3awmj75c05xzncankcpa2akyssf84n84vz704928lxjxl2h9gz0rh282zsfehylv
1,addr1q9yexeqcag5nk4k88hdrz9drpll2demfq2rjgg8cfrkul0g9ex7pvcd8ytehjwkndvk02j3ueem9cgjjgn5dsdkd7zasae57d8
1,addr1q9y6x7gv2le9rq9t5xf5vy9avaucccjq2e3aj6uthssluql8k5jt7anqwctsh6rgkhhjc8twx2arx6pyuuxlpv0r6nqsuls98r
1,addr1qy30f56z94kjxtc39hk8ae5tmx33sjrx0kcdfp55jnxz35hzu7hmgjzswagfxud528zdf5twul3jvkwvrylzun7syxwsps5zme
1,addr1qx4ljh93uceqn84q30dkeq8dj4ct4curfcg8lxvwsa26y9zecnxrx0kq6p694htdtfwf9ur6vlxzqwnjth3kl9wau73qavy70z
1,addr1q8ukndkpawkh7drm9dxpxp3fd5pe733wrwrywrgkcnpzetk0yuwa04u2clh57hwdpp0gsq72s2dvw7zqs603at7dkf6qfzwa70
1,addr1qxawdkmennwgpdjt85c2lyu456kfjsr8vuez30vykz3x9yvqgk2ale7jwece0yeel650ltchgxcxsxt7s9avj78l8kgqmtd0rq
1,addr1qyucqgfdx5htlqnl7qxqqx7mmrzh8dkmcg309h4vrqvpq3306u35lflex2jnwu0p6pwqu86rj2pe2sg6p3v330m4eeeqwys4sr
1,addr1qxthe8rauutpr70dnltqzdyjsm8utdxjmfuqq3chqcglg6sx3q59rr0wddf2nw2yuuas8tzhwuaal727tkpmvzel48lqfhh6ms
1,addr1q9f2un52g7aeepn6xupf2ch0eyxfqdvtgfsn97wtcatzg3cs0p92zdktaswnmkum9j00t6e2d25jc52px9qf2tdhucusy6yqlz
1,addr1qynpv9um7tgxuxqtkwhh3gjg8krs9vhfdcfr25dtxdwavfxamsdtwcp85zxalmqjskgt277n37ls5p6ljkd644vud3ssjwqnhj
1,addr1qye04m03nz539cjs9d39my0tu9v6sgfc7ucwygkl9a2gqle4d0w6kgnmmhkgv6uc33a9lrmf05m5mpgrrskqr362h4ls7tguea
1,addr1q88c6mwjrkkdkzklfmrgr3r7g3pl9al88k3khfr4gy32ugvyrdpmfm45k444rnf0s4ja40yccsylcs9gtm6cptkwk29s95rgw0
1,addr1qymkdxgjrda7hja2fz7c23kyv25xg996t3wrlmvdp6uj2pypgscss5ll6n8ysrn3j6fyvtd98qz38deurxg9k8ahpjfq0mwv20
1,addr1q95zwge7xhpeep5kgtsnj4aeyxz3z2mml0ukwnvfwl7zr7c8l7aahgkxmn56zcl4qlvn2yz99k2lw8dwphaf2x7ml23qpv5dgv
1,addr1q9gtva6dukkl2lj02u0wr2f2pz848ehh5xgchxe7a7f0ygxt32njyve0emfzelx3wq4y9uk22xrk0mpj0gpyjek26vqsr4rg5n
1,addr1q95q3mn9ap3w4aqe30ykemnwx3acrnvcfjt6wrl9c6jumxsvdv54qah94us7ygg8qmunardm9wymemncecl0fgty6pzsummjsl
1,addr1q8vk480sqtpe52re2t6hyrj2eltfsg5gu245869g62uflewf7x3tmysrf343wgrm7axlq0jaykkd6uzjvp666e63wr6qvf8wgw
1,addr1q8awxz58rxp7w0gt7lp36sh7pscaw2grmwc48f5ttzr6x798kfg82ht88ezguknv5entk8fn5znwrxeffl0tplnkq3kqv78550
1,addr1qyktd3jg6gxu6jc2p35y268lqtvwrdrajckrvynm5gcwk6h8la52f6lh5zntqxf578nel4vre73nzvxjwhrrezy9jkgsxg3hst
1,addr1q8254fhx04j0rx5w34ythnyevutu9huekhxq5lss5479v29fmv99qkezsvs6jshk4uf2ludzc9au47wytzu8k9vgnces3hytf9
1,addr1q83qx9xjmmkvkm9gg30j507jwfewr9z3ks3yw9zjzjnzxcy7400sgfuqnztfenhvyccywzg24gvyzsufvxwh2hhvnapqqaxxej
1,addr1q820524jkycfax87flcezf77pv0dagdw3l3tm7q7ed48l0pw245l4pgag9c2a63n8drghr0p4vgx5c7lsy2jytwdw2ksk32uel
1,addr1q9e3dwz37mrfzf0w43n42ajp2a3y3kdn80n52kzp554pgar5f66uuxtuy79peyjudgexvwcmrqvk8wkegqd4jgk3d2ms78rgaz
1,addr1q9zpzmty37jpwladvrk6l0wrpjr9mf7dn3rv2lzdxu4znl4eskz4rhmz3yzjaynjt8tavs0ss3a932jscl6dyg8hwxkqkz5vc2
1,addr1qxrpv3zv3jrgmgkkq52kpnyhnmt0g0d9vzr2c9hnyfj9pydjze4q0dzxulu6uuqzc9m438vm7dpwx2cnt5yx0934ya9q7qr6x7
1,addr1q894jzqpns5xga0txtg7gduss9c0hmhfmd8fdv8uull7zn67qthy57wvx69gvxr8v7q6ts9unkr5tr69qpjslhclum2s7d4lu5
1,addr1q82zhfx0hfavgtq7fjrvhtalrlz6w0fhdcsgvrzlmetut44s7qglyy7mcgt5fu5ugquwfg8nghes3md3rju9suxpc8zsj6x3d7
1,addr1q9yw0h82knunyppuvf9ps6gtk5ykmehesrwpcals0fwzj07j7l7mq3qgezzua2ey6r3h9d407u7d92kppmtwypdh06mqu52d4h
1,addr1qycc7ylfkrsseks78mudjunryx4raarv3g5uu5df429356guthzxlawyz50ljx3c6s2d0t9a3ws532hfd9xx9pyfk74s9ht3rw
1,addr1q9uffpu26w3r9l6lm93xhfr0k66tnew7gk2ua0ks2e8wme45jgswv22yctl48mn2hw04kthsjvk29p9nh2xfpqpllfsstyacsc
1,addr1qxv0wzph5xgh5jccfsprna0t7rzgayqw88qxf33tv39plh776fdj2p00vs35mxa77ml272xzasqxwpst8w3rkcluzd6sd3xsg9
1,addr1q95k9g0gyxqvmmll5p03v6nlhqmlw8x2zcku7p90lkawczxcveuwkhhujn0jkhptmw35wvlnx9u5rcv9s5uj8gk7yl8sjas9ly
1,addr1q8lc2786lpqddjupyy0n56l4p27hk56jyg9wjqmjvfgg00j26n9ywprwhnufa93lepzrsntgghmy48xya8ujrpqyjwtsf2wrz5
1,addr1q9s8he3q95wh8560h07j8jknw7mgayn8r6nz530yyz32dgd8c2m9c8lm6z3jrxl8gv6efezxgzgw4gjjcmqc96zd9yfq4pu096
1,addr1q80zyf0e6weezlzpwup2e6quk76v9c3rhmczrrsmjhnezuz3g47qw4c3naajs6mmfsafqdj3u6qgteq5xgahkh0slrzsh7p93r
1,addr1qykhl5g8025hmje7d05ttjks8vkuc5krff7nsup9yqh0nt2m3qwqj9fp689spqc50ml67z2vkm54r5u9ukn5g7mqprwsq8p0cv
1,addr1q9uqvllwqhauhf8dqqw0xaeur4wzc6895xqe7exnlwyu97tgq6gwjqvsz6zuve9h4z97nnys7um9dc9s2tpnrx9spfds46q0jv
1,addr1q93dh403tzkh2uw20gvf8xy6e389p8sspw9gf8u3c5ts8np2lkzdsq9mvjgja2uul9f8rvh4xnquajqfmerlv0ylnulq9xgux6
1,addr1q9g7r6r0n9zravjmgpgphy3856tgm8yh3vgzj0cx0k7065evzcl7cvrcpvksarzk073dfzl8nee5sy07edc9557k8h4q6napcy
1,addr1qx2dwrwlxsc78vep9m0lekdn4xelerakffgc9r6lcm0829cn27wwylvgltqw0j62exy6vpw0nd6d06ypcnlh0v2wn2nsyc9rtk
1,addr1qx7yr43j9e7zt7q2w0xvz3e9v3eqcsthldr90fsx4nes8aqhmnafvm05tagjc88tu6hk0yqlr7y53kx69sg8k7zptssq60kd4g
1,addr1q95dalznmn34h3sllc8ddnsdkwu06kr8qleusutllcvcstyaf4pa0m3ylzqtqvlarcv8d5vefupkdnkc0twn8gs3aqjsvypusq
1,addr1qyl970es0ermze6lqysttg87wkj8yc5et2ppjehncwnqczzdq9834rw4q3r6fuev2qgd3kps9thr22vjttsmzpfpcfusf70jsz
1,addr1qyne2u7ak5ggjclntm7yfrgaxgncve3u05tdputuw72pjv6ezktg28zch9g6w3fxsam3dmkar3x0eftjqnlak9vm2xrqd0hx9z
1,addr1qyle5dt55wh5g2rl2rr340tts4mnpx540fmwmna88lztjgxl68jdh9u6fnsew2yj9yncrftg0fl62gj0rk09ks2kejwqw3zwr2
1,addr1q895km7nz6zs22m8mq9ywv32zpl9rtd4u6s8y2hfgjqety8rf7lr37ve6tjdrq8guzpk67dpf40u7p2nkcj5ezhqc3mq6s24yu
1,addr1qyzn6v32s0et5xvj68s7f9j44qrtuuu5p53j7rjn8v9dpg45ljf24fmrmhy4ttc0uufghuseu3eqwekcr0xm5nkrqmpqmll56w
1,addr1q927yp0spphrq3wfwpgm458famjy9xpn4d2ydjqw5lvyj0kz5gva7fqltqyvsd4ye925apwm8aev4299el8r609pd8ds9tjysz
1,addr1qxdgjx5f65dp5cx37wskqeahf02jkma9r2fre5v22v457artjxqlf90v0k9yz849edxwkqr74e0gsgghpn82z4eq6pfs43d9t7
1,addr1qxfpj7nj38sy4y60uerrzd97wh22yqdtkq9t4rxhtnml4gcxfd57h5r93udtc9l7d9fyfpg28e4g3snh3qkucscn7wvqwnf6v7
1,addr1qxu29lvydm7x9k3nctedeh9xr8jsk2p3kv9sa3tmw8cl6l43u300anmj3zxyc8ws72zlx9kqhhhwmhmp2js0634fhguqgzux7x
1,addr1q8zvns6pdeqe47alkzt9l328l5ewv2yjd7p8j9ky8sul9wrr2h058lvkx5hz9uhtfw29mpd2mmma3gswg7ekkvelpu5svmurvv
1,addr1qxxm0zwa0cjtzeaxqyfwusxc4549ydxjdyu6vw3pgng3hpqj8thhc7rrjqua7jaatrmsy2489ycwmfsuwc00ndeky9fq00vhgt
1,addr1q82jm8nf49lu2kejx34euhz02vc836zwxcphw8mhp4f09vdu96xtycextksn6jd6f78vpkjzlkcw4a59jzs7cx6vt2vq78y485
1,addr1q9t2yglmndwzvxv57ae2w54w44v44udm7hfd0prqef7teyz7uuhhdtu6yjn89tm9w5exfq8z7kgyuy6r09fggxnl4wzqy07490
1,addr1qyj3hf0u2y7r9m3wux8aml9u0pe2rjqr7a8gaunyscnj439uxc4vnkgrj7h3mrqtclj0886qvjrk5mawjegvz0apmr8qndskf6
1,addr1q8w65qr2aff45rh40d7xph8040plgudjq29ml4jwuqgf96q824jztqpcdgzf8fplt2eq9sf0kf5f89u6etd4jatctuqqffwnfr
1,addr1q8n7etph4jl8llnqhkudtfeefc65gjsyqnl2w487zh6694pxqmrycjfz0r4u7pf242plwd8e7vxcg5fpmwlsq33q4p0sssldj4
2,addr1q9pvu5upvu8z5l0ajllespxqfkgy37wee5jy2h3k8epv8spwyx6f92lz3lrrea5p0uwsf30urrc8wlf63uc4j0q9th0s8he39w
